,dim 1,dim 2,dim 3,dim 4,dim 5,dim 6,dim 7,dim 8,dim 9,dim 10,dim 11,dim 12,MPa,Error_GRF,MechWork,ErrorMom,RoM,Experiment No.
0,0.738,1.9869999999999999,0.11900000000000001,1.7619999999999998,0.59,48.25,0.14800000000000002,0.625,1.079,0.9420000000000001,1.136,0.753,639.5904,0.03517154019859732,0.0022478530946330416,2.4421287375927228,2.542825698999998,1.0
1,0.862,1.979,0.461,1.1420000000000001,0.23,-55.25,0.988,0.8859999999999999,0.9890000000000001,0.609,1.286,0.948,678.8516,0.01518189445770195,0.015456888861539063,1.4800136106525044,19.319448754502,2.0
2,0.38799999999999996,0.8240000000000001,0.449,1.63,0.8740000000000001,-7.55,0.742,0.764,0.946,0.7959999999999999,1.489,0.963,697.6824,0.017247826627484454,8.633469586606145,1.303972203215646,27.2609844504,3.0
3,0.7879999999999999,2.181,0.39899999999999997,1.3980000000000001,0.966,31.15,0.5870000000000001,0.627,0.981,0.862,1.016,0.8540000000000001,617.7568,0.03779888386909178,7.744428074706869,2.0790744661688993,26.29194954021,4.0
4,0.162,2.134,0.491,1.181,0.902,14.95,0.872,0.672,0.789,1.041,1.271,0.992,698.1921,0.04415607161328329,14.864731045982802,1.5399125806557703,31.093965724390003,5.0
5,0.502,0.7390000000000001,0.251,1.801,0.43,3.25,0.867,0.9470000000000001,0.9590000000000001,1.024,0.7759999999999999,0.95,773.2903,0.024417421397731,11.802343375635227,1.025586630160493,32.295734406,6.0
6,0.8079999999999999,0.948,0.055999999999999994,1.847,0.418,-66.95,0.748,0.5870000000000001,0.8290000000000001,0.983,0.499,0.845,728.4455,0.031479557594381744,14.766843193818893,1.3382462715114571,29.700650676709994,7.0
7,0.057,1.227,0.494,1.227,0.8420000000000001,61.75,0.8220000000000001,0.8540000000000001,0.816,0.5870000000000001,1.361,0.807,608.8666,0.013541300702368557,4.859005508749312,1.2622291463499915,20.906396456378,8.0
8,0.08199999999999999,1.5530000000000002,0.374,1.2819999999999998,0.862,90.55,0.568,0.7240000000000001,0.9640000000000001,0.6609999999999999,0.214,0.7879999999999999,616.5901,0.02556031892953004,6.0879872171385525,1.2436731523733278,24.92790476995,9.0
9,0.14800000000000002,1.018,0.344,1.995,0.27399999999999997,-17.45,0.248,0.71,1.034,0.986,0.5589999999999999,0.804,702.8907,0.025274426575329686,11.246902732770529,1.0342542297287722,30.104524642520005,10.0
10,0.972,1.63,0.214,2.142,0.742,-44.45,0.258,0.584,0.899,0.8370000000000001,0.484,0.972,635.3586,0.03829952371290943,0.3335188139140316,2.086402414157744,25.6783600747,11.0
11,0.5479999999999999,1.444,0.14400000000000002,1.359,0.5539999999999999,-9.35,0.353,0.938,1.2209999999999999,0.711,0.679,0.7020000000000001,708.4565,0.01841522415896432,8.326496761984988,1.0596151572548491,23.602429404429998,12.0
12,0.098,1.4369999999999998,0.039,2.157,0.9740000000000001,-3.05,0.792,0.753,0.799,0.5710000000000001,0.154,0.831,555.1946,0.02220272543169044,0.6033070127958324,2.4401383930250096,19.21765497286,13.0
13,0.248,0.8009999999999999,0.151,1.6769999999999998,0.33,-71.45,0.348,0.728,0.7559999999999999,0.9690000000000001,0.034,0.74,792.5327,0.029266865526614724,13.562403763931885,1.1346287882583237,29.67317840484,14.0
14,0.012,1.158,0.139,1.421,0.722,81.55,0.8420000000000001,0.809,1.0090000000000001,0.7659999999999999,1.204,0.7140000000000001,636.8127,0.01640104166514381,5.1755747127282845,0.8874630471956724,27.125196456999998,15.0
15,0.36200000000000004,1.111,0.066,0.9790000000000001,0.20600000000000002,-42.65,0.898,0.924,1.104,0.909,0.184,0.92,664.7289,0.01258618065042676,4.453150693436563,0.6572767674572533,23.9629316334,16.0
16,0.368,1.32,0.069,1.964,0.218,64.45,0.9129999999999999,0.677,1.1640000000000001,0.769,1.1440000000000001,0.741,699.4832,0.01874866751784121,4.900564373275855,0.8148131030338284,25.791129261410003,17.0
17,0.522,1.127,0.20600000000000002,0.941,0.7020000000000001,-25.55,0.20199999999999999,0.528,1.181,0.634,0.326,0.914,577.0091,0.011700932297587945,3.6485173668400215,0.8776932658212728,21.021179676000003,18.0
18,0.308,1.607,0.19399999999999998,1.754,0.9179999999999999,-23.75,0.728,0.7759999999999999,0.774,0.736,1.046,0.813,574.3621,0.030636310466118345,7.295795367765742,2.0493495839717983,22.93785977321,19.0
19,0.872,0.654,0.376,2.165,0.28600000000000003,-66.05,0.49200000000000005,0.746,0.8759999999999999,0.774,0.019,0.927,673.8675,0.03045372333346926,9.049661758678734,1.8379895422197363,24.189615783833,20.0
20,0.348,1.537,0.134,1.685,0.898,-5.75,0.473,0.632,1.216,0.92,0.401,0.875,684.6459,0.021570908111394185,8.928620889637635,1.1405733373972633,28.318803131959996,21.0
21,0.5870000000000001,1.375,0.396,1.483,0.534,59.95,0.978,0.569,1.159,0.562,0.9259999999999999,0.755,606.9274,0.010640904744024682,0.6960425107311514,0.4397131077295651,20.60543611684,22.0
22,0.358,1.413,0.309,1.158,0.946,46.45,0.022000000000000002,0.868,1.169,0.565,1.226,0.857,629.5378,0.02035196666146795,5.748656496753289,1.173468648211034,22.249160767,23.0
23,0.332,1.902,0.21100000000000002,0.747,0.45,63.55,0.5379999999999999,0.5329999999999999,1.036,1.038,0.19899999999999998,0.7170000000000001,739.7629,0.03748500269381682,11.36252186742342,0.9428014538977064,34.828049667652,24.0
24,0.818,2.041,0.036000000000000004,1.2429999999999999,0.322,14.05,0.218,0.866,0.9109999999999999,0.738,0.521,0.735,619.4037,0.02725382624068666,8.622049404777611,1.8165567793179944,23.63392418598,25.0
25,0.10800000000000001,1.103,0.096,1.723,0.33799999999999997,89.65,0.158,0.6409999999999999,0.879,0.628,0.8959999999999999,0.905,609.4205,0.024664898630696444,7.880180554807676,1.4470470416691932,25.02389192594,26.0
26,0.708,0.693,0.204,0.91,0.6779999999999999,59.05,0.847,0.778,0.919,0.8290000000000001,0.589,0.884,593.6218,0.014925888392283725,3.815711829732404,0.7823845357417006,22.7657408718,27.0
27,0.903,1.305,0.17600000000000002,0.8240000000000001,0.914,13.15,0.638,0.87,0.836,0.98,0.139,0.867,702.7982,0.02299840200171897,10.635059740597004,0.990917345585704,31.33011251697,28.0
28,0.152,1.204,0.084,1.886,0.214,78.85,0.36200000000000004,0.643,0.8959999999999999,0.637,0.9640000000000001,0.9259999999999999,607.5067,0.026123819323315388,7.243997619576727,1.524910254445727,24.544515892501998,29.0
29,0.7979999999999999,1.2819999999999998,0.331,1.3130000000000002,0.326,-62.45,0.802,0.542,0.871,1.077,0.514,0.965,808.3789,0.021938760820516236,11.823409589710801,0.904979848226688,32.614560242666,30.0
30,0.992,1.8780000000000001,0.109,1.057,0.774,-4.85,0.943,0.861,1.0490000000000002,0.7709999999999999,1.2109999999999999,0.9740000000000001,651.5626,0.01809422465532189,6.097228063518622,1.3133064044191836,24.24751581297,31.0
31,0.857,0.902,0.276,1.382,0.466,6.85,0.28300000000000003,0.722,1.054,0.551,0.33399999999999996,0.731,657.6851,0.009503206388346713,4.851693606977372,1.1050759335451634,19.9422689082,32.0
32,0.532,0.941,0.22399999999999998,1.8159999999999998,0.9420000000000001,-8.45,0.23800000000000002,0.7709999999999999,1.014,0.741,0.349,0.87,680.7991,0.02101360680971645,10.300859605875266,1.4304020749366861,24.32763752355,33.0
33,0.32799999999999996,0.972,0.22899999999999998,2.049,0.6659999999999999,27.55,0.252,0.7190000000000001,1.081,0.7929999999999999,1.151,0.774,689.9025,0.02435107620795284,9.34502783748708,1.3589915969017992,26.020020664039997,34.0
34,0.758,0.669,0.371,2.1109999999999998,0.654,-74.15,0.828,0.74,0.826,0.945,0.281,0.98,722.4357,0.03639586693089935,13.304349635979069,1.6065399771158593,28.32481965428,35.0
35,0.762,2.165,0.456,1.8940000000000001,0.6940000000000001,39.25,0.092,0.89,0.9159999999999999,0.67,1.466,0.7609999999999999,531.1647,0.02741606231070318,4.232138392247639,1.8002323623791787,20.8172241602,36.0
36,0.602,0.894,0.031,1.297,0.93,-48.95,0.622,0.578,1.239,0.708,0.784,0.9109999999999999,588.2333,0.009573118435753454,1.7692529122249252,0.6362410380012996,22.83710998313,37.0
37,0.158,1.189,0.401,1.9480000000000002,0.262,16.75,0.368,0.6970000000000001,0.8690000000000001,0.835,0.971,0.84,648.3273,0.03150522755125421,11.594535363943105,1.3632341883913346,27.555478599222997,38.0
38,0.742,0.7240000000000001,0.321,2.01,0.374,-53.45,0.992,0.825,0.9690000000000001,0.5760000000000001,0.7240000000000001,0.7190000000000001,617.3225,0.011694795812128041,3.110109293781732,1.8534066801777156,18.516161486199998,39.0
39,0.828,0.91,0.369,0.902,0.594,17.65,0.562,0.688,0.934,0.848,0.191,0.9059999999999999,658.1664,0.015069833119377572,6.6233278571021605,0.929942583046244,25.149468421999998,40.0
40,0.262,2.157,0.091,2.15,0.61,45.55,0.46799999999999997,0.609,0.894,0.815,0.004,0.7909999999999999,631.7177,0.04318444738683185,1.299056851104511,2.333684711742615,25.05350125595,41.0
41,0.402,2.002,0.29600000000000004,1.925,0.97,82.45,0.48200000000000004,0.573,0.9990000000000001,0.56,0.754,0.971,602.3781,0.026570900995164085,0.7562322242341856,2.489611734468398,19.32236099203,42.0
42,0.748,0.995,0.10099999999999999,2.033,0.75,-24.65,0.45799999999999996,0.7040000000000001,1.099,0.7440000000000001,0.716,0.885,693.7963,0.017203061608330655,6.88626893647355,1.4687248879044,23.418185427890002,43.0
43,0.8220000000000001,0.7,0.301,1.212,0.36200000000000004,57.25,0.272,0.7490000000000001,1.016,1.046,1.264,0.851,770.8202,0.015837937008745345,5.418217310102622,0.628510566682899,29.068795681300003,44.0
44,0.6679999999999999,2.072,0.254,0.917,0.526,-43.55,0.698,0.879,1.024,0.802,1.219,0.96,696.1259,0.023954461851236127,8.758670756880786,1.5131717696987228,24.497406542329998,45.0
45,0.318,0.848,0.244,0.8009999999999999,0.342,93.25,0.578,0.8320000000000001,1.021,0.6809999999999999,1.301,0.8190000000000001,643.2911,0.01372665757598712,1.7858491332384778,0.6373945809663978,23.3743338589,46.0
46,0.242,1.072,0.41600000000000004,1.22,0.87,9.55,0.502,0.6859999999999999,0.9840000000000001,0.975,0.41600000000000004,0.9620000000000001,746.685,0.0181758496927812,8.701616391835968,0.9102794362426913,29.8299884794,47.0
47,0.6779999999999999,0.662,0.08900000000000001,0.7,0.5379999999999999,19.45,0.862,0.589,0.7809999999999999,1.016,1.2790000000000001,0.8340000000000001,684.3215,0.011529345057447404,3.9152336323956347,0.5908538997630731,23.890499115,48.0
48,0.198,0.778,0.47100000000000003,0.9329999999999999,0.486,-40.85,0.442,0.616,1.041,0.7879999999999999,1.474,0.7340000000000001,663.5467,0.011527406231479187,3.6152235148849705,0.7911902592175021,19.920191287799998,49.0
49,0.08800000000000001,1.723,0.431,2.119,0.682,-38.15,0.9620000000000001,0.591,0.9440000000000001,0.9309999999999999,1.069,0.8759999999999999,682.9467,0.03476577098737026,9.426382709777688,2.04378027173354,28.557148783933002,50.0
50,0.728,1.855,0.46399999999999997,0.755,0.35,25.75,0.968,0.7909999999999999,0.8009999999999999,1.002,0.10099999999999999,0.995,750.1648,0.03337889169743732,13.107227559674294,1.1694502028599552,31.41121044802,51.0
51,0.018000000000000002,1.5759999999999998,0.001,1.0490000000000002,0.922,50.95,0.752,0.742,1.186,0.639,0.341,0.9990000000000001,656.1879,0.013213274827880943,3.315630775991848,0.7116231113038357,23.171602755370003,52.0
52,0.883,0.9640000000000001,0.341,2.0180000000000002,0.726,99.55,0.228,0.605,1.0290000000000001,1.0190000000000001,0.39399999999999996,0.828,736.5024,0.04290083364100489,10.3161219704543,0.9089753515118488,35.68747189642001,53.0
53,0.43200000000000005,2.049,0.439,1.173,0.706,8.65,0.938,0.596,0.9309999999999999,0.73,0.131,0.993,619.7446,0.019028112094279882,6.575154337836128,2.0319849097737546,23.06491903914,54.0
54,0.473,2.088,0.136,1.08,0.626,-48.05,0.9079999999999999,0.78,1.056,0.9390000000000001,1.3840000000000001,0.9420000000000001,696.7885,0.024217150799757028,10.696554155913116,1.5638769868104008,27.81348864769,55.0
55,0.998,2.095,0.419,1.506,0.5579999999999999,-21.05,0.358,0.917,0.7759999999999999,0.645,0.8059999999999999,0.8490000000000001,579.8752,0.03055867748197738,0.1157093820713698,2.2278456154318937,20.031913489089998,56.0
56,0.002,1.661,0.444,2.095,0.23399999999999999,79.75,0.44799999999999995,0.9129999999999999,1.1740000000000002,0.716,0.17600000000000002,0.725,601.4103,0.037161666342793935,7.3223472430845655,1.2407974336554488,23.965820819450002,57.0
57,0.852,0.7929999999999999,0.021,1.088,0.23800000000000002,-39.95,0.08199999999999999,0.562,0.961,0.868,0.064,0.7440000000000001,698.1351,0.0124354610254555,7.3738027778362,0.8901183006368107,24.1668629644,58.0
58,0.078,1.274,0.319,0.685,0.7979999999999999,-45.35,0.6629999999999999,0.6920000000000001,1.071,0.6859999999999999,0.22899999999999998,0.7709999999999999,221.7747,1.1065130599941253,0.009439090958064729,2.451554491204837,2.8849411009999986,59.0
59,0.552,1.995,0.114,0.948,0.42200000000000004,21.25,0.653,0.731,0.971,0.568,0.941,0.773,626.1664,0.0159750123315358,0.038715754700231135,1.6393933849127624,19.28207448142,60.0
60,0.068,1.545,0.099,0.894,0.402,34.75,0.648,0.9309999999999999,1.061,0.9940000000000001,1.0090000000000001,0.935,754.4254,0.019988336844766343,8.880541539166552,0.8724711446714571,31.4616267685,61.0
61,0.5379999999999999,2.033,0.179,1.6540000000000001,0.43799999999999994,-54.35,0.948,0.9329999999999999,1.004,0.675,0.079,0.903,676.4035,0.021669274395226097,0.08990270191129802,1.95222173920194,21.14002397684,62.0
62,0.442,1.4909999999999999,0.359,2.064,0.39,-1.25,0.08800000000000001,0.9490000000000001,0.8540000000000001,0.89,0.304,0.945,673.9385,0.030145157310899867,13.536628546828675,1.4612334262120756,28.055755123709996,63.0
63,0.43799999999999994,1.925,0.171,0.848,0.586,-69.65,0.278,0.755,1.204,0.747,0.266,0.966,707.6811,0.01561312486208367,7.229554730767193,1.1493298169222002,23.212151795830003,64.0
64,0.718,0.762,0.18100000000000002,1.661,0.9540000000000001,-37.25,0.188,0.85,1.0390000000000001,0.978,1.084,0.924,808.9932,0.024464548148025574,11.534760539941162,1.092927056895231,30.794109878832998,65.0
65,0.278,1.801,0.054000000000000006,1.119,0.99,42.85,0.778,0.794,0.821,0.653,1.406,0.8959999999999999,594.6591,0.020847147647504588,6.0559615715304265,1.8123922996707127,21.55041718445,66.0
66,0.518,1.7619999999999998,0.489,2.002,0.9620000000000001,75.25,0.612,0.659,1.121,0.887,0.574,0.9179999999999999,679.2767,0.03513759145520511,7.767345603732211,1.726591066968379,29.782592773,67.0
67,0.292,0.9329999999999999,0.201,1.344,0.6579999999999999,33.85,0.718,0.5660000000000001,0.991,0.7190000000000001,0.45399999999999996,0.8220000000000001,607.4073,0.015635108456180224,4.715988552319394,0.9820783405594076,24.5744297506,68.0
68,0.28800000000000003,1.1420000000000001,0.42100000000000004,1.855,0.20199999999999999,56.35,0.43200000000000005,0.544,0.8190000000000001,0.807,0.47600000000000003,0.723,636.7584,0.029208405802230417,8.969516074793306,1.2190869132938478,29.009165344833,69.0
69,0.212,1.6540000000000001,0.326,1.196,0.85,5.95,0.772,0.758,0.861,0.59,1.1740000000000002,0.809,593.9211,0.014676650363568546,4.513420550475787,1.7251139882949251,20.127121932652,70.0
70,0.9620000000000001,1.84,0.051,1.53,0.258,68.95,0.138,0.848,0.7609999999999999,1.044,0.6559999999999999,0.981,458.8307,0.0220460960040576,6.827116381369783,0.8384460820889006,24.040044784200006,71.0
71,0.812,1.785,0.484,1.871,0.426,-12.95,0.5720000000000001,0.888,1.246,1.0270000000000001,1.024,0.722,796.4468,0.034915946245979934,12.329432414003616,1.3473847097662688,30.441264077960003,72.0
72,0.782,1.3130000000000002,0.026000000000000002,1.956,0.91,-41.75,0.332,0.852,1.171,1.0490000000000002,0.626,0.701,734.0746,0.03599247658687189,14.385055599296267,1.3379552477079153,31.314098358000003,73.0
73,0.342,2.173,0.23600000000000002,1.669,0.746,83.35,0.8079999999999999,0.645,1.229,0.6890000000000001,0.649,0.821,693.8878,0.030065913343417527,0.2569611421845449,1.1847183510080903,22.059619993066004,74.0
74,0.322,1.0490000000000002,0.39399999999999996,1.7469999999999999,0.226,-50.75,0.903,0.895,0.8340000000000001,1.008,1.159,0.71,788.2428,0.02804617310703049,13.66466657136724,1.1605485061807763,30.628946498390004,75.0
75,0.982,1.6230000000000002,0.24600000000000002,1.584,0.986,-61.55,0.038,0.708,0.7909999999999999,1.063,1.369,0.8690000000000001,660.7645,0.033109901491127094,16.842500497456953,1.572856861076956,31.31847462032,76.0
76,0.8420000000000001,1.685,0.45899999999999996,1.4909999999999999,0.442,-26.45,0.552,0.787,1.206,0.78,0.16899999999999998,0.977,726.949,0.01911807277529621,7.592816199928665,1.1711212148228438,24.41457049595,77.0
77,0.638,1.429,0.016,1.9869999999999999,0.24600000000000002,-70.55,0.782,0.652,1.131,1.0,1.054,0.8909999999999999,718.7076,0.02496646603069734,11.399322889399727,1.484380414070961,30.032828889888002,78.0
78,0.653,0.871,0.011000000000000001,1.01,0.39399999999999996,98.65,0.758,0.899,0.889,0.9890000000000001,1.4140000000000001,0.833,695.2711,0.02093962648709431,3.8441804245623485,0.6011951989508778,28.5016937259,79.0
79,0.33799999999999997,1.7930000000000001,0.466,1.8090000000000002,0.622,-60.65,0.308,0.5529999999999999,1.141,0.851,0.424,0.72,720.2449,0.02531171141546236,7.079391855399934,1.9622152587457768,26.094224091666003,80.0
80,0.312,1.886,0.316,2.188,0.934,-77.75,0.192,0.695,1.064,0.826,0.311,0.794,650.9705,0.03812575491334776,0.19727739191408195,2.239229162778033,24.89006364297,81.0
81,0.512,1.584,0.076,1.561,0.21,-75.95,0.37799999999999995,0.6829999999999999,0.909,0.8320000000000001,0.161,0.9840000000000001,689.0914,0.028452703761874167,11.78129168458087,1.5999427073995167,25.56022724555,82.0
82,0.9079999999999999,0.685,0.386,2.126,0.37,47.35,0.062,0.713,1.1840000000000002,0.6920000000000001,1.496,0.873,595.0484,0.017999433891604143,4.3400981873902404,0.8390838345865171,26.555651880808007,83.0
83,0.5579999999999999,0.879,0.409,1.909,0.242,28.45,0.10300000000000001,0.65,1.044,1.033,0.094,0.759,697.5815,0.01952531335689027,7.9009773507092325,0.8013339277761514,28.8993253709,84.0
84,0.9229999999999999,1.235,0.289,2.173,0.27,1.45,0.23199999999999998,0.935,0.8440000000000001,0.804,0.29600000000000004,0.846,631.2935,0.03383501825244215,11.29538692010241,1.7364525603875778,25.310460745980002,85.0
85,0.612,1.871,0.019,1.258,0.846,-63.35,0.027999999999999997,0.623,0.9209999999999999,0.81,1.256,0.7040000000000001,617.3204,0.02966641061931718,10.560378263607324,1.7678493130584794,25.143754959000002,86.0
86,0.943,1.568,0.474,1.15,0.41,62.65,0.597,0.8809999999999999,0.759,0.818,1.0390000000000001,0.915,657.5762,0.03316634823226668,11.442014716302072,1.4054886090472452,28.769050166466,87.0
87,0.6629999999999999,1.53,0.426,1.8319999999999999,0.8220000000000001,-22.85,0.152,0.638,1.149,0.903,0.821,0.777,738.4615,0.030471514025410557,10.982434876372052,1.5058922199958722,27.3797397914,88.0
88,0.008,2.064,0.249,1.251,0.406,70.75,0.318,0.715,0.9059999999999999,0.873,0.27399999999999997,0.818,670.9285,0.03745252604658797,13.073304698235777,1.5719254267147522,29.299455925502,89.0
89,0.792,1.669,0.266,1.4680000000000002,0.718,-76.85,0.268,0.535,0.929,0.598,0.8740000000000001,0.711,585.6743,0.02022633655566336,1.3704460738730948,2.1151701519247417,18.86747470541,90.0
90,0.17300000000000001,1.266,0.184,1.328,0.542,72.55,0.11199999999999999,0.818,0.779,0.648,0.731,0.848,606.3315,0.024682088503933625,7.855401499376473,1.3687549557290852,26.308487508477008,91.0
91,0.298,0.863,0.271,1.0959999999999999,0.662,-31.85,0.498,0.836,0.986,0.8540000000000001,0.769,0.866,723.2130000000001,0.011488050115296009,7.050878418312743,0.8907940332204217,25.264943361799997,92.0
92,0.062,1.778,0.16899999999999998,1.32,0.81,-0.35,0.008,0.767,0.754,0.997,0.6709999999999999,0.7759999999999999,592.6942,0.025305784919176358,13.870870813398561,1.2146752691796652,29.2124363179,93.0
93,0.37200000000000005,1.08,0.156,0.8320000000000001,0.45399999999999996,-20.15,0.5479999999999999,0.8340000000000001,0.9490000000000001,0.9470000000000001,0.9940000000000001,0.716,750.8461,0.012578434749752914,7.585501946912068,0.8167796592933041,26.8412508962,94.0
94,0.688,1.406,0.284,1.9169999999999998,0.83,-18.35,0.018000000000000002,0.8029999999999999,0.831,0.612,0.701,0.8029999999999999,597.039,0.02684578414479958,0.08699871844531888,2.133972340154657,19.398854255270003,95.0
95,0.617,1.173,0.33399999999999996,0.9640000000000001,0.978,95.95,0.708,0.6629999999999999,1.114,1.03,0.319,0.9209999999999999,679.1374,0.025961564704736616,4.5930023328179646,0.6113597439460678,29.0612764359,96.0
96,0.867,1.328,0.111,1.367,0.8340000000000001,-75.05,0.6829999999999999,0.674,0.8059999999999999,0.991,1.3159999999999998,0.99,700.1185,0.029173557251373924,14.315164588420382,1.2536151719006554,30.20488408242,97.0
97,0.073,1.3980000000000001,0.306,1.7930000000000001,0.938,91.45,0.7020000000000001,0.8,1.219,0.642,0.461,0.858,673.0388,0.02349491905888157,1.0256095349571868,0.8369098657603067,23.4514388885,98.0
98,0.802,1.94,0.013999999999999999,0.987,0.55,-58.85,0.5920000000000001,0.654,1.0590000000000002,0.865,1.129,0.726,686.2457,0.02143112616623884,10.235332677304557,1.4111800113983817,26.642343521,99.0
99,0.11199999999999999,1.367,0.024,0.879,0.33399999999999996,0.55,0.9229999999999999,0.863,0.8740000000000001,0.763,1.234,0.951,635.5986,0.01440644371408862,6.934221556868075,1.197693234333919,24.3046317096,100.0
100,0.228,2.1959999999999997,0.07400000000000001,1.041,0.6859999999999999,-65.15,0.512,0.6,1.0759999999999998,0.958,0.664,0.917,708.1089,0.02908928319981745,12.391452698335971,1.5251549164216076,29.058067322,101.0
101,0.392,2.08,0.094,1.3359999999999999,0.598,4.15,0.068,0.737,1.074,0.615,1.249,0.7979999999999999,617.9212,0.026449564499712305,0.0761808049109412,1.888361467073386,19.770220871665998,102.0
102,0.413,0.925,0.45399999999999996,1.072,0.502,40.15,0.222,0.546,1.101,0.7909999999999999,0.634,0.738,692.1831,0.0133869053918174,4.06368560935035,0.8006627738481638,24.8871192936,103.0
103,0.693,1.933,0.324,0.716,0.754,38.35,0.302,0.782,1.001,0.5539999999999999,0.379,0.912,600.7794,0.023092545453750786,0.43776580037211055,1.5873217517081124,19.992689702477,104.0
104,0.14300000000000002,1.344,0.154,1.235,0.9059999999999999,-14.75,0.408,0.519,0.7959999999999999,0.733,0.986,0.8059999999999999,617.8281,0.024777731914247092,10.996973717081476,1.6890196315012804,24.66493636389,105.0
105,0.408,1.258,0.469,1.94,0.39799999999999996,-64.25,0.693,0.94,0.794,0.557,1.0759999999999998,0.9470000000000001,641.8085,0.021719125716895687,0.02509458801099157,2.0005971071495185,17.67099931884,106.0
106,0.478,1.034,0.264,1.933,0.67,-73.25,0.322,0.526,1.031,0.573,0.544,0.9690000000000001,661.8787,0.014395584995422638,0.3032583490928413,1.957086928068552,18.456911891933,107.0
107,0.022000000000000002,1.39,0.209,0.863,0.642,-10.25,0.462,0.67,0.8859999999999999,1.0959999999999999,1.376,0.728,794.3337,0.019098056376860257,8.42791123853401,0.7217579338238835,31.292135953799995,108.0
108,0.6829999999999999,2.01,0.21600000000000003,1.607,0.818,26.65,0.048,0.506,1.2409999999999999,0.9059999999999999,1.181,0.752,674.1452,0.037525069045479545,9.083348993286464,1.6920191890355332,27.594753906405,109.0
109,0.222,2.0180000000000002,0.141,1.165,0.7340000000000001,94.15,0.972,0.7979999999999999,1.129,0.752,0.055999999999999994,0.8370000000000001,683.5546,0.02256326808109535,5.341417290012396,0.9051665981463268,24.532780654652,110.0
110,0.042,1.475,0.166,0.871,0.498,50.05,0.8370000000000001,0.679,1.084,0.584,1.354,0.7559999999999999,628.5819,0.011610166787163782,2.177125616838587,0.6903688051612752,22.70413208,111.0
111,0.9179999999999999,0.9790000000000001,0.121,1.46,0.37799999999999995,55.45,0.39799999999999996,0.524,1.214,0.87,0.221,0.779,645.9326,0.016733260243809226,4.041448326368218,0.6548005259778001,26.7059884072,112.0
112,0.252,1.8090000000000002,0.446,1.8630000000000002,0.514,54.55,0.738,0.8270000000000001,0.9740000000000001,0.9640000000000001,0.6940000000000001,0.968,700.5214,0.043131383677163015,13.536227323088012,1.6747790848060689,29.53346650303,113.0
113,0.768,1.716,0.294,0.7390000000000001,0.366,58.15,0.617,0.922,1.136,1.088,0.409,0.9,767.4966,0.030911879705464555,9.923916612058694,0.7996302645239849,35.24279737505999,114.0
114,0.948,1.5919999999999999,0.406,0.972,0.762,-6.65,0.452,0.812,0.851,0.8240000000000001,0.889,0.746,641.1203,0.03004715560508849,12.08384047705322,1.4945756198847473,26.920719950932998,115.0
115,0.968,0.7859999999999999,0.28600000000000003,1.9709999999999999,0.63,5.05,0.413,0.555,0.7509999999999999,0.703,1.421,0.986,628.5039,0.029351419477805826,9.614489920707822,1.7393748827927744,23.926077186599997,116.0
116,0.888,1.599,0.33899999999999997,0.7859999999999999,0.982,49.15,0.402,0.8590000000000001,0.9940000000000001,0.722,0.8140000000000001,0.7070000000000001,611.0847,0.022624850125857698,8.041995444721026,1.2969376927310587,24.344766899502,117.0
117,0.8370000000000001,1.251,0.106,1.545,0.53,15.85,0.6779999999999999,0.6679999999999999,0.9790000000000001,0.914,1.166,0.872,670.7175,0.02400343826778504,10.919791062801044,1.185108682896762,29.555165529210004,118.0
118,0.9329999999999999,0.747,0.006,1.979,0.674,51.85,0.818,0.726,0.7859999999999999,0.9279999999999999,0.259,0.8,669.6495,0.03305833714116541,11.413003589062885,1.2113012999944504,30.526291131999997,119.0
119,0.772,0.917,0.040999999999999995,1.413,0.414,37.45,0.242,0.769,0.841,0.934,0.8590000000000001,0.998,722.4791,0.02015008055217451,9.038921621757742,0.916893313513592,30.2475776673,120.0
120,0.027999999999999997,1.351,0.361,1.475,0.79,43.75,0.042,0.816,1.1159999999999999,0.6970000000000001,0.7609999999999999,0.953,672.7230000000001,0.01974112435007792,7.7176884805872366,1.2137876756484374,25.233229637210002,121.0
121,0.23800000000000002,1.7,0.19899999999999998,1.646,0.73,-19.25,0.762,0.762,1.006,1.013,0.446,0.983,699.7878,0.03758221038255866,15.067403082401828,1.557838441508641,30.05323421934,122.0
122,0.953,1.956,0.259,1.065,0.518,7.75,0.182,0.634,0.966,0.777,0.581,0.978,643.2615,0.02956431020064855,9.401060079300075,1.7384342258879617,25.08405809067,123.0
123,0.6729999999999999,1.2890000000000001,0.436,2.1959999999999997,0.494,-46.25,0.812,0.841,1.0959999999999999,0.884,0.9109999999999999,0.743,741.048,0.024850265895062867,7.7399475015508985,1.831959973272426,27.015844434066,124.0
124,0.44799999999999995,1.0959999999999999,0.079,1.5530000000000002,0.298,95.05,0.382,0.636,1.124,0.961,0.604,0.897,723.975,0.02549633305467572,5.8791615752718185,0.6821635870608032,32.038554429899996,125.0
125,0.138,2.103,0.028999999999999998,1.406,0.5660000000000001,-13.85,0.168,0.902,0.8140000000000001,0.6559999999999999,1.444,0.765,572.9886,0.029600968730647374,0.16218422380992698,2.098487995283594,20.63901132318,126.0
126,0.628,1.181,0.124,1.003,0.758,10.45,0.057,0.857,1.1540000000000001,1.068,0.431,0.795,735.0603,0.018196326236469683,7.8642856142165645,0.7175358738264279,30.401403904299997,127.0
127,0.188,1.646,0.27899999999999997,0.84,0.222,-57.05,0.392,0.897,0.7659999999999999,1.071,1.4809999999999999,0.9540000000000001,838.8461,0.024621337694168174,11.960029037648196,0.8882933929762774,33.026081764846,128.0
128,0.607,1.847,0.391,0.654,0.618,71.65,0.002,0.9259999999999999,0.996,0.727,0.371,0.816,563.4516,0.02354147517848179,9.898772898471456,1.3242885932163462,27.386519547666,129.0
129,0.258,2.1109999999999998,0.049,1.6380000000000001,0.546,23.05,0.9329999999999999,0.602,1.224,0.892,0.9790000000000001,0.758,719.6112,0.02191710433219517,5.83029954926228,1.1919516565271375,27.180732276223,130.0
130,0.698,1.8319999999999999,0.129,1.514,0.602,20.35,0.643,0.807,0.951,1.022,0.109,0.932,690.413,0.042554377545989265,15.193282229097564,1.4388519157146489,31.020375207529998,131.0
131,0.39799999999999996,1.196,0.41100000000000003,0.995,0.65,30.25,0.998,0.821,1.089,0.755,1.391,0.815,607.1983,0.012314219523522449,1.825609791069256,0.5560537189072411,23.4621155261,132.0
132,0.37799999999999995,1.8940000000000001,0.35100000000000003,1.305,0.7659999999999999,-27.35,0.633,0.8390000000000001,0.809,1.085,0.529,0.888,748.2132,0.04025853860354288,15.94032193810952,1.2982905002178622,32.145192831386,133.0
133,0.778,0.8859999999999999,0.384,1.204,0.7140000000000001,-52.55,0.37200000000000005,0.598,1.2109999999999999,0.925,1.031,0.8390000000000001,673.9575,0.010958597300065556,4.444965082525108,0.6644320401752747,24.2038621903,134.0
134,0.8320000000000001,0.755,0.314,0.693,0.5820000000000001,22.15,0.508,0.733,1.046,0.65,1.339,0.762,579.9476,0.0099562989314499,3.1457059214202627,0.7966809879769453,21.440637111199997,135.0
135,0.732,1.824,0.226,1.824,0.77,87.85,0.053,0.6990000000000001,1.236,0.912,0.364,0.8640000000000001,600.5755,0.03381293430008113,10.741565729290668,1.1978579875951192,30.075462911476997,136.0
136,0.418,2.026,0.35600000000000004,1.785,0.51,77.05,0.032,0.884,1.051,1.099,0.11599999999999999,0.938,482.6077,0.02949244576802687,6.395502774937111,0.8395421313191709,26.4186134334,137.0
137,0.988,0.677,0.126,2.103,0.69,-39.05,0.17800000000000002,0.5820000000000001,0.769,1.074,0.23600000000000002,0.9329999999999999,848.7528,0.040053229732597374,16.328353816118337,1.2655516421591375,31.939590454,138.0
138,0.28300000000000003,2.126,0.081,2.08,0.7859999999999999,-21.95,0.602,0.551,1.0190000000000001,0.7490000000000001,0.8809999999999999,0.909,609.5955,0.030572108609243694,0.07795381883338001,2.4231565070302894,23.070579424770003,139.0
139,0.46799999999999997,2.15,0.336,1.8780000000000001,0.29,-30.05,0.7120000000000001,0.9059999999999999,1.226,0.601,0.6409999999999999,0.9570000000000001,730.5364,0.028650495146837342,0.047870028922804016,1.821319826124146,22.567955359890004,140.0
140,0.6579999999999999,1.297,0.364,1.716,0.578,76.15,0.073,0.665,0.9540000000000001,1.09,0.866,0.75,671.7583,0.03209686176512179,10.216279470259707,0.8459257654599741,32.554993152899996,141.0
141,0.9279999999999999,0.84,0.311,1.599,0.698,-72.35,0.888,0.575,1.234,0.782,0.124,0.879,578.1829,0.010688975797014912,2.6227780222610293,0.6310539665062204,23.855901598499997,142.0
142,0.7120000000000001,1.506,0.354,0.77,0.802,53.65,0.078,0.904,1.176,0.843,0.439,0.785,669.1836,0.025277525739140026,8.559911492527362,0.9677510151101286,30.374934464209996,143.0
143,0.382,1.909,0.379,0.677,0.574,84.25,0.298,0.6809999999999999,1.094,0.626,0.8440000000000001,0.9590000000000001,644.5854,0.02385904929799512,5.438295292776785,1.1491074987795935,24.639309286630002,144.0
144,0.192,1.5219999999999998,0.349,0.925,0.894,-78.65,0.212,0.92,0.9259999999999999,1.093,0.071,0.852,782.4897,0.02548125289169036,11.899561488132482,0.8743648708191559,33.067386075639995,145.0
145,0.128,1.561,0.159,1.6230000000000002,0.278,-51.65,0.768,0.701,1.139,1.082,1.001,0.782,767.8103,0.025472440799312792,12.800349378270313,1.0596499505625745,32.141265869,146.0
146,0.20199999999999999,1.057,0.221,0.762,0.826,52.75,0.852,0.706,1.1059999999999999,1.057,0.551,0.7859999999999999,662.7279,0.015284340073078096,3.4799772217618408,0.5636241168636564,24.028001785,147.0
147,0.49200000000000005,1.754,0.146,0.855,0.878,-33.65,0.857,0.517,0.9359999999999999,0.579,1.399,0.9229999999999999,547.9363,0.01338801221819813,4.113868723346071,1.9579349801721115,19.455529599970003,148.0
148,0.5920000000000001,0.8170000000000001,0.23399999999999999,1.5759999999999998,0.95,-49.85,0.11800000000000001,0.512,1.2309999999999999,1.035,1.061,0.9440000000000001,796.7814,0.019816420381368417,8.122055293466332,0.7611881712949248,30.5806504487,149.0
149,0.23199999999999998,1.6769999999999998,0.299,1.1340000000000001,0.562,67.15,0.428,0.58,0.7709999999999999,0.799,0.619,0.7490000000000001,642.7887,0.033641893984573096,10.663183322942816,1.372696476508641,29.309331894,150.0
150,0.272,1.7469999999999999,0.21899999999999997,1.499,0.9940000000000001,-57.95,0.893,0.9420000000000001,1.249,0.9009999999999999,0.851,0.77,687.9756,0.020265912079491587,6.34772838164572,0.8468976073436708,28.808812543640002,151.0
151,0.42200000000000004,1.7080000000000002,0.424,1.018,0.302,-15.65,0.532,0.83,0.976,0.8590000000000001,0.289,0.86,729.4313,0.023173765201580942,11.146748596101544,1.2599135489880144,27.791847191559995,152.0
152,0.092,1.9709999999999999,0.009000000000000001,1.375,0.358,-47.15,0.418,0.773,0.941,0.9359999999999999,1.1059999999999999,0.768,703.3311,0.037313371201443964,14.25630913592438,1.5848433754460691,28.055306822509998,153.0
153,0.958,1.6380000000000001,0.32899999999999996,1.034,0.8859999999999999,-29.15,0.9279999999999999,0.915,1.209,0.821,1.196,0.8240000000000001,657.8426,0.01571388334689746,5.056057131218731,0.6892912063829587,25.40955626212,154.0
154,0.528,1.4680000000000002,0.389,1.692,0.838,-56.15,0.478,0.5710000000000001,0.8240000000000001,0.857,0.7090000000000001,0.9359999999999999,680.8879,0.03255295908575686,11.974444671312465,1.8828711444143382,26.373763203670002,155.0
155,0.978,1.615,0.34600000000000003,1.111,0.48200000000000004,24.85,0.32799999999999996,0.5479999999999999,0.9009999999999999,0.617,1.121,0.732,597.316,0.021998397292959618,6.590893916788407,1.7268212703339647,21.774507313839997,156.0
156,0.488,1.9480000000000002,0.479,0.7240000000000001,0.49,18.55,0.10800000000000001,0.521,0.846,0.8809999999999999,1.294,0.9890000000000001,679.1506,0.03251796612731343,12.914652094150336,1.4040447621102872,28.740938306159997,157.0
157,0.7020000000000001,1.3359999999999999,0.366,2.134,0.382,-67.85,0.688,0.564,1.166,1.079,1.114,0.797,798.0245,0.028693831759693925,12.6429671456287,1.4922531254599505,31.954998550833,158.0
158,0.9129999999999999,1.9169999999999998,0.261,0.8170000000000001,0.31,65.35,0.7879999999999999,0.6559999999999999,1.179,0.5820000000000001,1.459,0.902,694.252,0.016409641611325184,0.5454503446600358,0.8171695428888568,20.93327173614,159.0
159,0.898,1.8630000000000002,0.26899999999999996,0.731,0.57,-79.55,0.33799999999999997,0.503,0.804,0.879,0.469,0.93,697.7637,0.031421945510188,13.568051752753494,1.4476403407715126,27.232676086833,160.0
160,0.5820000000000001,1.065,0.11599999999999999,1.429,0.8140000000000001,41.05,0.953,0.9079999999999999,0.8640000000000001,0.953,0.904,0.855,703.077,0.025092406920482733,10.295650668214355,1.062324332299492,30.56345799572,161.0
161,0.053,1.421,0.24100000000000002,1.2890000000000001,0.25,60.85,0.312,0.929,1.111,1.011,0.611,0.747,781.5265,0.02563480804623181,8.941520908863804,0.8375668186116725,33.678412437199995,162.0
162,0.542,1.483,0.086,1.7,0.282,73.45,0.198,0.805,1.2009999999999998,0.672,0.7390000000000001,0.764,689.375,0.02736524290717017,7.275574021940131,1.1102685401572978,24.85501456245,163.0
163,0.847,1.964,0.231,2.026,0.354,-16.55,0.42200000000000004,0.56,0.8490000000000001,0.604,0.956,0.78,606.9919,0.028199928544969038,0.053443312870257526,2.3772526832516734,18.78860279895,164.0
164,0.132,0.77,0.18600000000000003,1.452,0.8059999999999999,96.85,0.132,0.647,1.1909999999999998,0.6940000000000001,1.429,0.767,653.5302,0.01918754637686741,2.2184707402904382,0.6382435337562063,27.3792958261,165.0
165,0.038,1.46,0.149,0.708,0.45799999999999996,35.65,0.38799999999999996,0.785,1.196,1.055,0.596,0.713,779.2158,0.01618462123901275,6.1291763271635595,0.6331526365773315,29.916995525100003,166.0
166,0.168,2.188,0.071,2.181,0.882,97.75,0.958,0.823,1.126,1.06,0.040999999999999995,0.975,693.0646,0.05007497405954287,8.997929120269669,2.065665738420662,32.9745548813,167.0
167,0.10300000000000001,0.809,0.486,1.902,0.638,86.95,0.6679999999999999,0.8140000000000001,1.119,0.664,0.386,0.708,702.2867,0.01895368443689502,4.364581568190723,0.7928696397321959,26.108424827186,168.0
168,0.722,1.382,0.429,0.809,0.506,66.25,0.9179999999999999,0.9109999999999999,1.199,0.667,0.251,0.825,669.7722,0.014759712485802476,3.089395733421515,0.5503203156813878,25.543154596860003,169.0
169,0.643,2.142,0.004,2.057,0.34600000000000003,2.35,0.012,0.614,1.244,0.972,1.3459999999999999,0.956,590.7369,0.03009680781681962,11.631990267447154,1.48305989094296,29.100138128300003,170.0
170,0.20800000000000002,1.499,0.161,1.7309999999999999,0.434,-12.05,0.522,0.501,0.764,0.62,0.049,0.863,575.9628,0.02383851919351297,6.310752351286,2.0099363024677244,20.789917081330003,171.0
171,0.302,2.057,0.434,1.615,0.314,36.55,0.6729999999999999,0.735,0.884,0.813,1.2409999999999999,0.83,645.0642,0.035626944031518865,8.322531304164942,2.014767123489127,25.473561972385998,172.0
172,0.597,1.452,0.40399999999999997,1.39,0.522,-35.45,0.14300000000000002,0.843,1.146,0.9229999999999999,0.026000000000000002,0.861,781.9461,0.0241974534370942,11.563136149194847,1.0989043611661835,29.0194854585,173.0
173,0.032,1.088,0.441,0.8859999999999999,0.858,-11.15,0.43799999999999994,0.515,0.8809999999999999,0.631,0.146,0.89,595.2468,0.013076974754796336,6.413170304338074,1.2840521052089882,21.91251033575,174.0
174,0.462,0.716,0.29100000000000004,1.026,0.866,41.95,0.488,0.893,1.161,0.705,0.799,0.843,648.3322,0.01143648224669271,2.7343644391757342,0.6568045766318826,24.8429894444,175.0
175,0.17800000000000002,1.119,0.496,1.266,0.8540000000000001,32.05,0.17300000000000001,0.875,0.914,0.659,0.836,0.789,657.9235,0.01898174020897632,7.9178771973952236,1.3184058586930238,24.128192767909997,176.0
176,0.122,1.22,0.131,0.669,0.9259999999999999,86.05,0.528,0.845,1.1340000000000001,0.595,1.4509999999999998,0.7290000000000001,614.9672,0.017523614667378003,2.387020941488469,0.6457803398991206,23.701633043378,177.0
177,0.648,1.01,0.281,1.103,0.306,92.35,0.8320000000000001,0.789,1.156,0.84,0.6859999999999999,0.812,658.0274,0.015314819068528818,1.872170441313771,0.5044634001103704,25.9613528252,178.0
178,0.578,0.8320000000000001,0.16399999999999998,1.537,0.614,23.95,0.098,0.593,0.924,0.95,0.934,0.878,762.2623,0.02111216083097765,10.240238411113216,0.979643549550434,30.7119196656,179.0
179,0.878,1.026,0.18899999999999997,1.77,0.998,12.25,0.722,0.51,1.069,0.623,0.7909999999999999,0.941,601.4291,0.013643718015483834,4.000234722547681,1.4070937466247757,21.094635292953,180.0
180,0.218,1.1340000000000001,0.239,1.739,0.47,-59.75,0.518,0.508,1.151,0.758,0.506,0.8420000000000001,715.235,0.017017870301104486,6.5371290451014294,1.2576034130870026,23.68396323885,181.0
181,0.752,1.514,0.034,1.84,0.6459999999999999,44.65,0.982,0.7170000000000001,1.011,0.9670000000000001,0.9490000000000001,0.836,650.1927,0.029556848744381612,12.349661556088734,1.4357962512771762,29.3451238272,182.0
182,0.353,1.003,0.174,0.7929999999999999,0.386,-36.35,0.7979999999999999,0.7440000000000001,1.0659999999999998,0.76,0.746,0.7829999999999999,589.2188,0.010311304357396744,2.6865785702698846,0.6801915583353647,19.5640830998,183.0
183,0.938,0.731,0.451,1.444,0.89,-30.95,0.342,0.7509999999999999,1.194,0.956,0.35600000000000004,0.9079999999999999,704.623,0.01617787598426354,7.304264694869121,0.8214743029666758,28.112499475899998,184.0
184,0.048,1.041,0.10400000000000001,1.5219999999999998,0.794,-32.75,0.292,0.611,1.109,0.8759999999999999,1.189,0.792,696.9445,0.015571367284415518,7.66146481923267,1.0368660192102714,28.152383804,185.0
185,0.508,1.2429999999999999,0.414,0.956,0.474,68.05,0.262,0.7959999999999999,0.8109999999999999,1.052,1.324,0.8009999999999999,781.9273,0.02241710564189095,6.805867715387842,0.6991647553720013,32.00326442710001,186.0
186,0.11800000000000001,0.956,0.044000000000000004,0.662,0.71,32.95,0.20800000000000002,0.9440000000000001,0.8590000000000001,0.6829999999999999,0.491,0.81,616.9771,0.010909739395475562,5.308781551234091,0.9972927956979168,23.1620962619,187.0
187,0.5720000000000001,0.708,0.48100000000000004,0.778,0.606,11.35,0.883,0.607,0.784,0.7140000000000001,0.011000000000000001,0.987,592.7313,0.01126503930711049,5.85190895588554,1.1584771494841202,21.214050292600003,188.0
188,0.182,0.855,0.064,1.351,0.254,69.85,0.128,0.539,1.0859999999999999,0.898,0.086,0.893,710.674,0.020535185805978302,4.815120016456818,0.7284444293096337,27.3067669868,189.0
189,0.48200000000000004,1.165,0.046,2.041,0.634,74.35,0.607,0.629,0.9390000000000001,0.6779999999999999,0.20600000000000002,0.929,597.8154,0.02569035470719612,6.4980720433529235,1.6080812412484933,24.654636953477002,190.0
190,0.428,1.77,0.061,1.4369999999999998,0.958,-34.55,0.28800000000000003,0.537,0.904,0.895,0.244,0.8809999999999999,643.4709,0.03640621275365248,12.898269819522262,1.6628316981538545,27.326875261870004,191.0
191,0.452,1.7309999999999999,0.256,1.189,0.778,88.75,0.732,0.69,0.856,0.725,1.091,0.894,592.4114,0.029500868038866705,8.414086132603384,1.6454458056282881,25.997079010666,192.0
192,0.622,0.987,0.191,1.127,0.782,29.35,0.542,0.76,0.8390000000000001,1.005,0.5660000000000001,0.899,708.3532,0.01832927671658023,7.05581860470827,0.7825019447554376,29.984931469,193.0
193,0.268,2.119,0.499,2.072,0.294,85.15,0.5579999999999999,0.872,0.956,0.917,1.436,0.996,823.9105,0.048406795495855616,8.792467323607882,2.0307431414093364,28.405201492833,194.0
194,0.893,1.8159999999999998,0.304,1.7080000000000002,0.446,-2.15,0.628,0.6609999999999999,1.1440000000000001,0.846,0.919,0.737,709.8156,0.02465922031355266,7.986488832965736,1.4960782705340483,25.869815453460003,195.0
195,0.498,1.692,0.27399999999999997,2.088,0.266,77.95,0.162,0.618,1.189,0.593,1.099,0.887,630.6586,0.02519377264623608,0.2978154982276445,1.4994329478688655,20.126773834,196.0
196,0.633,1.359,0.381,1.778,0.318,-68.75,0.5820000000000001,0.62,0.8909999999999999,0.785,1.331,0.8270000000000001,697.9616,0.02467236360163473,9.84604679960266,1.8365078851786003,24.387540042460003,197.0
197,0.45799999999999996,1.739,0.059000000000000004,1.274,0.462,-3.95,0.6579999999999999,0.877,0.866,1.0659999999999998,0.8290000000000001,0.9390000000000001,748.4838,0.035724967318857125,15.353792005063585,1.225266634792042,32.15979538828999,198.0
198,0.562,1.212,0.47600000000000003,1.5919999999999999,0.738,-28.25,0.122,0.53,1.026,0.7,1.3090000000000002,0.705,701.0532,0.019357643804153484,7.658470952027295,1.5082886329575604,23.302740230879998,199.0
199,0.568,1.15,0.196,1.568,0.478,80.65,0.878,0.557,1.091,0.606,0.536,0.882,593.9819,0.013260906613165724,0.8111158559078292,0.557953659493592,23.806595382833,200.0
