,dim 1,dim 2,dim 3,dim 4,dim 5,dim 6,dim 7,dim 8,dim 9,dim 10,Element,Part,Time,MPa,Error_GRF,MechWork,ErrorAng,ErrorMom,QS,Energy Gen,Energy Abs,RoM,Experiment No.
0,14.696,19.446,6.146,2.346,9.312,10.737,18.179,2.029,7.254,9.471,20.0,13.0,102.0,1678.2294,0.045154774497188355,5.343820031925327,2.2958359170859275,1.0961316226733755,1.6959837698796516,10.868674217213636,4.00437966392319,32.63034244656,1.0
1,10.262,2.979,10.262,17.546,10.896,17.071,10.104,11.688,8.046,15.013,5.0,5.0,96.0,1955.9683,0.04562962782481694,8.250567846991789,1.7439224602304142,0.8256464163175233,1.2847844382739688,9.986498880720804,3.357137451958254,21.4689645768,2.0
2,15.013,9.629,18.021,8.679,6.146,19.921,11.688,15.329,8.521,15.487,3.0,5.0,84.0,200.6728,0.027874555916087243,0.37568476174932913,1.5147177292707263,0.49704293342415,1.0058803313474383,5.845278913465727,0.6834850135774192,2.360818863000002,3.0
3,9.629,7.571,1.396,8.204,17.229,13.904,1.238,12.954,5.196,14.221,8.0,9.0,101.0,1803.7338,0.02617723084846797,0.5422188671344552,2.487366880242588,2.97824777338545,2.7328073268140187,12.222603894382344,3.83257171170034,42.4349565211,4.0
4,4.404,3.771,15.329,18.654,13.904,10.896,8.521,18.338,7.413,1.871,1.0,31.0,30.0,1482.6569,0.04506371389968722,7.346180699556534,1.8760322083681942,0.7968864609150693,1.3364593346416318,10.996843718306605,4.110127817421183,25.117911815200003,5.0
5,18.021,18.179,12.638,6.146,5.354,2.504,12.479,5.512,9.946,1.554,1.0,31.0,31.0,2194.7051,0.03366843392555258,0.07893497920107463,1.4860770948224296,0.3563467916527673,0.9212119432375985,8.16713749564487,2.0575977642493237,3.379735947000004,6.0
6,8.996,1.238,14.062,8.046,13.429,8.837,13.112,14.062,16.912,11.688,5.0,5.0,107.0,1850.5992,0.024489496633242056,0.11087674982447981,2.8203023531108373,2.882167983061269,2.8512351680860535,10.25456809688957,3.0712552435712004,26.77049677094,7.0
7,14.854,19.921,5.987,14.062,11.212,13.112,8.996,6.779,4.404,5.671,9.0,9.0,94.0,482.2107,0.026388533902402617,0.6075014833369295,1.5507883341767343,0.44999487473774047,1.0003916044572374,6.151279331737602,1.0577473999035856,4.358280181000005,8.0
8,5.196,16.438,2.504,16.596,8.837,5.038,13.746,8.204,8.996,5.512,18.0,10.0,111.0,1595.7269,0.046440417995434774,11.443862681744656,2.408642273770952,1.9017641870932251,2.1552032304320887,10.558319659948273,3.3779628867660905,35.31059397778,9.0
9,8.046,4.087,7.254,12.796,15.329,5.196,4.087,7.888,13.271,16.438,2.0,5.0,95.0,1141.3389,0.023170118401819026,2.579922672913405,1.4889936050264545,0.5356709356128815,1.012332270319668,7.6852725311167145,2.358889201048722,13.105697632000002,10.0
10,4.562,5.512,12.796,16.438,9.154,18.021,1.396,14.538,1.079,7.729,2.0,30.0,32.0,3176.9409,0.0408807330825337,3.369518946347308,1.5977144821675076,0.5199559754229297,1.0588352287952185,13.649198849029228,4.824132380610352,17.178618430999997,11.0
11,12.162,12.321,16.754,15.329,16.121,2.979,18.812,13.429,6.462,15.804,5.0,23.0,8.0,259.4322,0.03580768809684318,0.17021229970250798,1.3969307340054755,0.34154017981028845,0.869235456907882,6.797494403573754,0.5795069502194241,1.4310150149999998,12.0
12,11.054,1.554,7.888,12.479,9.471,16.438,5.038,3.613,4.562,14.696,5.0,6.0,116.0,2134.4028,0.03331402850387795,0.3138720244061239,2.5140159082407645,2.7990319817669165,2.6565239450038405,9.404699454262612,3.156150552147375,26.970015741808,13.0
13,1.554,12.479,18.338,4.246,17.071,16.912,18.496,11.371,3.771,19.288,2.0,3.0,100.0,1941.1106,0.018244603376689015,0.0,2.373042074802605,0.9976263919504886,1.6853342333765466,13.101722441535378,4.561831748866877,42.581371307,14.0
14,13.746,7.888,17.229,5.038,14.854,1.871,8.046,6.621,15.804,9.154,2.0,23.0,7.0,525.4895,0.02962528979236072,0.4891254052731941,1.4698358971319763,0.3843982894494717,0.927117093290724,7.0115135630189345,1.35063347733101,6.201852798000001,15.0
15,18.971,14.379,13.271,18.021,15.646,4.562,17.071,4.087,14.062,12.162,1.0,28.0,5.0,249.7846,0.042031759913969395,0.06731869999146789,1.4118685345120288,0.4712311453140006,0.9415498399130147,6.828357291520475,0.46701027025025166,0.8702335350000006,16.0
16,16.279,1.079,19.288,1.079,11.054,11.688,7.254,9.946,2.346,7.413,2.0,13.0,25.0,3473.4702,0.031132684883617392,0.0987719431151335,1.0900108333665253,2.8503450425081525,1.970177937937339,19.51656494801991,7.828124053254296,32.8558245005,17.0
17,3.296,3.613,1.079,17.388,11.846,15.013,5.671,13.904,15.646,4.404,8.0,9.0,100.0,2128.6934,0.01563261444869608,0.7126927536658825,2.2758140245847716,2.9002665785379307,2.5880403015613513,11.214843058859659,3.1608225887364396,43.4764776824,18.0
18,7.729,4.721,4.879,12.321,18.021,1.712,4.721,2.346,14.379,16.754,4.0,5.0,99.0,868.3819,0.025219726809107,2.6854190264326645,1.5557168240310513,0.48485391233980174,1.0202853681854265,8.793048652177767,2.928770099310413,15.672714233999999,19.0
19,12.479,12.954,6.938,2.029,16.912,18.179,12.321,8.362,9.471,2.504,23.0,13.0,105.0,1715.4872,0.04809576385885712,7.792033885042231,2.458050529400058,1.7656608812812598,2.111855705340659,11.2223967486964,3.9477367064432127,34.943721361377996,20.0
20,16.912,13.746,3.296,4.879,12.954,8.204,7.096,10.737,7.888,12.321,10.0,9.0,100.0,1509.1078,0.042768326103233445,5.659794322810371,2.003437955559774,0.82629377044246,1.414865863001117,10.013268054102006,3.375481880806761,25.8166527746,21.0
21,5.829,13.112,9.471,14.696,5.512,19.446,10.421,18.971,11.529,4.721,4.0,3.0,94.0,562.4034,0.02218319414849698,1.69342201170767,1.694797240807178,0.5898479215324705,1.1423225811698243,6.720573003485709,1.6367035869491788,9.051836014000003,22.0
22,15.329,15.962,3.771,2.504,15.171,16.279,19.762,18.654,6.938,10.262,23.0,13.0,106.0,1434.7198,0.05753683410531053,7.117335392860197,2.4210163373827953,1.3366824586129993,1.8788493979978973,11.407626727482548,3.7240684620625633,33.344225927996,23.0
23,8.837,19.129,8.996,17.704,3.296,15.487,11.212,11.212,6.621,2.821,28.0,17.0,93.0,634.8002,0.022271965918630555,0.22858755396754182,1.639525131644646,0.4941464087282284,1.0668357701864373,6.215615360788782,1.3054913412117448,5.305427552000001,24.0
24,2.821,2.662,11.054,2.662,18.654,11.054,7.729,4.562,1.871,11.371,5.0,30.0,30.0,1602.4907,0.03050182581257278,5.221524111759509,2.345419282030049,2.572715448632354,2.4590673653312014,12.14737653500564,4.724934662596821,39.76107966872,25.0
25,18.812,4.879,12.954,8.362,9.629,17.229,6.304,14.854,4.087,13.429,2.0,5.0,88.0,762.9818,0.028159534968846475,1.1989621921758227,1.4504132228912086,0.5023313420342487,0.9763722824627286,6.643952763366461,1.3667792650592931,6.057899475000003,26.0
26,11.212,12.638,11.371,13.746,12.796,14.221,15.171,13.271,9.154,4.246,1.0,31.0,36.0,276.5855,0.025326303305467767,0.3015896379939915,1.5048497712578208,0.41556259294760367,0.9602061821027122,5.847290681277776,0.7064521646721584,2.0332336430000026,27.0
27,6.938,10.104,10.896,17.071,17.704,11.529,3.771,10.262,16.279,3.138,6.0,31.0,30.0,495.5605,0.02631475464940195,0.8728397486740946,1.5017640590816312,0.4262281533031956,0.9639961061924134,6.571760584956055,1.340193647587216,5.278314590999997,28.0
28,10.421,7.729,15.171,6.304,14.538,14.062,11.846,17.546,19.762,7.096,3.0,5.0,95.0,308.1878,0.024612637486740016,0.6584180435855393,1.5118687594272462,0.43943912682321223,0.9756539431252292,6.155977196335192,1.1044343479090664,4.689336776999998,29.0
29,10.896,14.854,19.604,19.604,1.871,6.146,14.379,18.021,12.479,3.929,26.0,17.0,95.0,1416.9124,0.0379876797027552,1.1773676194456493,1.8741744147798842,0.5725521140982198,1.223363264439052,7.290863025505016,1.5395369552820315,7.834403991999995,30.0
30,16.754,11.054,18.496,7.888,14.696,2.821,15.013,5.829,19.129,16.279,2.0,23.0,5.0,277.9134,0.03470309082681529,0.17976932080044655,1.412482809643306,0.35497526136491764,0.8837290355041119,6.669145207657764,0.6500964819764479,1.9653186800000029,31.0
31,2.188,18.021,19.762,1.871,3.613,9.629,19.129,2.504,3.138,12.479,2.0,13.0,23.0,1193.7867,0.01907828642086916,1.4237698311084857,2.5752503598257617,3.006255909341088,2.790753134583425,11.49043222258924,4.509054461547677,48.033891227222995,32.0
32,11.529,11.212,16.279,10.896,19.129,13.746,16.596,6.938,10.737,19.604,4.0,5.0,92.0,153.0403,0.0316661237830794,0.27916644028641246,1.4502537312943307,0.3810014238742518,0.9156275775842913,6.152241205276743,0.6445249163403264,1.8569545739999995,33.0
33,6.462,10.421,16.596,16.121,7.413,6.304,5.829,10.104,3.296,18.179,5.0,30.0,30.0,431.0492,0.022357376972733944,0.9449378137405995,1.5618544733740192,0.4612684786232448,1.011561475998632,6.48653306955303,1.3756701571576495,6.039075851,34.0
34,1.079,16.121,11.846,8.521,7.729,11.212,1.079,18.496,17.862,13.904,26.0,0.0,24.0,2828.0264,0.016517797088294116,1.4129419082744739,1.4330612823948068,2.899737305455885,2.166399293925346,18.299270157029618,7.81846278688077,35.659532673950004,35.0
35,18.338,13.588,14.379,5.196,6.621,3.296,1.554,5.354,18.654,1.079,1.0,31.0,17.0,3648.9368,0.044597308414560485,0.056890445019947,1.3403248594573236,0.2492954160310238,0.7948101377441736,13.791380649322655,3.376559498664437,4.541589736999999,36.0
36,2.346,9.471,17.388,10.104,2.029,19.604,15.646,8.679,10.262,11.054,3.0,3.0,100.0,1291.7943,0.02895429746855224,5.873049427589896,2.7445843540021038,2.668425674918984,2.706505014460544,10.360089534136772,3.641687556173419,44.76072964093299,37.0
37,12.638,10.896,1.871,15.013,10.579,5.829,2.188,12.162,18.971,9.312,8.0,9.0,105.0,1634.5146,0.04335465557941176,0.8748471385533514,2.6832331645755465,2.7849805316173213,2.7341068480964337,11.286827108876583,3.5454543245856995,43.05956904569,38.0
38,9.312,15.646,5.829,15.487,19.762,14.696,10.896,15.171,12.796,2.188,6.0,31.0,30.0,995.8289,0.031370446153945436,0.6592300693909836,1.5178245950311113,0.4140672569571822,0.9659459259941467,7.320652810362957,1.6311495426137377,5.984073639000002,39.0
39,17.071,18.338,4.087,19.921,2.346,12.162,6.462,9.788,15.329,16.596,9.0,9.0,93.0,948.7512,0.04543728790556471,1.6444673093022462,1.9000469689459945,0.6814313364793589,1.2907391527126766,8.438872895104872,2.365974369030572,14.065000534,40.0
40,12.321,17.704,15.013,16.279,1.079,12.638,13.588,10.421,15.013,15.962,26.0,17.0,101.0,2240.842,0.02771869452532665,3.29189811070425,2.610695856481549,0.7092991892754075,1.6599975228784782,6.472659553101163,1.4310664759130511,14.024385453,41.0
41,14.062,8.679,16.438,15.962,14.379,12.321,5.512,18.812,2.662,6.462,2.0,30.0,30.0,637.8201,0.03029930942705824,0.2719312955983802,1.3935670703747438,0.3949168199777797,0.8942419451762618,6.1645913042767075,0.7780260330858906,1.5459880829999975,42.0
42,11.371,2.504,8.837,4.087,4.721,3.138,9.471,7.571,6.779,2.662,5.0,5.0,108.0,2177.4346,0.03426796863149087,12.706976940557528,2.008897701916313,1.647611928142645,1.8282548150294788,10.698118322270394,4.07111735141947,28.59947416943,43.0
43,6.621,1.871,19.921,11.212,8.204,15.171,3.613,19.762,12.162,7.888,2.0,5.0,114.0,2272.2102,0.0503791317451808,4.53918692765969,2.5126396982924124,2.5096799456020875,2.51115982194725,10.842951360835468,3.5904914765328373,28.61415477856,44.0
44,16.596,9.312,12.479,4.721,17.546,5.354,12.162,3.771,18.338,10.421,23.0,13.0,92.0,561.7953,0.031108427255559158,0.4873760010683901,1.5038287586796824,0.4002235700781782,0.9520261643789303,7.0167496847143624,1.392409197569784,6.546508789000001,45.0
45,8.362,13.429,11.212,11.371,13.271,10.262,2.029,15.804,1.396,3.613,5.0,30.0,27.0,2659.4543,0.027094686296532836,0.39836997963949583,1.4529843990309723,0.3381639369616141,0.8955741679962932,8.738449085725687,2.708333735766986,3.570684433000004,46.0
46,8.521,16.912,11.529,14.854,3.138,3.929,3.454,16.596,19.921,13.588,28.0,17.0,94.0,688.1791,0.020627578032217132,0.15883893378058755,1.5925937712963494,0.45930433699336964,1.0259490541448595,6.242293461483234,1.1841065556003125,5.300649642999996,47.0
47,15.962,1.396,3.454,7.096,16.596,12.954,5.354,2.188,10.104,6.938,2.0,6.0,108.0,1953.325,0.023484014515029895,2.5451953449393727,2.5115569876166477,2.885902111827228,2.698729549721938,9.290160412584225,3.3044385163866306,26.96553111123,48.0
48,1.238,7.413,10.421,6.779,7.888,1.554,18.971,12.638,19.604,5.354,2.0,3.0,92.0,2427.3911,0.01208250985442577,0.0,1.907809473655515,0.9976263978784752,1.452717935766995,15.478012604745823,5.919397216683825,41.431539788849996,49.0
49,7.254,3.296,8.204,16.754,10.262,12.004,9.312,1.712,16.121,10.737,5.0,5.0,95.0,1607.1338,0.03106311602153471,6.346924014696719,1.6827508540747522,0.7080673317411098,1.195409092907931,9.443686861401291,3.665525800126221,18.9747085572,50.0
50,17.388,11.529,4.721,14.221,18.179,17.862,7.571,17.071,15.962,9.946,10.0,9.0,91.0,787.3536,0.040501636750787655,1.0703467773689375,1.5971779477080834,0.4762815899353947,1.036729768821739,7.729258959364219,1.6380564366491235,8.449914932000002,51.0
51,1.396,11.371,8.362,19.762,8.046,5.671,9.629,4.879,12.638,6.146,2.0,3.0,100.0,2181.5608,0.01857870508873456,0.0,2.2508308860987367,0.9976263949138532,1.624228640506295,14.319602371971147,5.0461172462845045,43.41279166973,52.0
52,19.288,8.362,8.521,11.846,10.104,17.704,6.621,16.438,12.004,13.112,3.0,5.0,92.0,271.6042,0.029659934606600435,0.43860322319515366,1.4701124976113167,0.44829685294090155,0.9592046752761091,6.094842238417496,0.7581177441362554,2.7521858219999977,53.0
53,10.104,5.987,13.429,18.971,15.013,7.413,6.779,16.121,10.421,10.104,2.0,5.0,94.0,502.952,0.02893691287534257,0.7681913767136049,1.3810866863410607,0.4105119622198059,0.8957993242804333,6.550583480196085,1.0440913681837165,4.290918350999998,54.0
54,1.712,5.829,3.613,19.446,4.087,7.571,15.804,3.296,17.388,18.021,2.0,3.0,100.0,1677.6344,0.019507225867087453,0.0,2.588019991754278,0.9976264097344486,1.7928232007443632,12.258486752335115,4.067664918533033,47.03996425087,55.0
55,13.588,9.788,7.413,9.154,12.162,8.362,2.821,7.729,18.496,11.212,5.0,26.0,29.0,388.9167,0.01995584100708613,0.4951849173852255,1.4757434920861983,0.41230203196784687,0.9440227620270225,5.751255674995625,1.008885708850643,3.6825752259999973,56.0
56,3.454,2.346,13.746,10.737,7.096,12.796,11.529,1.554,11.688,14.854,5.0,28.0,30.0,1797.2445,0.03792367158255449,8.806330486095273,2.281974815835191,2.2975236427143506,2.2897492292747708,11.31132188702453,4.6970902454428325,32.98587609849,57.0
57,1.871,10.579,6.304,3.771,13.112,4.404,14.854,9.312,8.204,5.987,2.0,3.0,100.0,1602.3776,0.018405532101076757,0.4574730610117076,2.54276877915446,2.397260248751448,2.470014513952954,12.164772910439128,3.7992505360623734,44.968893449773006,58.0
58,14.379,17.229,14.221,9.629,8.521,18.971,12.796,1.871,6.146,17.862,5.0,28.0,24.0,1048.718,0.029399271102576053,0.21333672229882722,1.515163527334876,0.4457339780869785,0.9804487527109272,6.082497282712617,0.9209494061630482,1.5043182380000033,59.0
59,16.438,6.779,15.962,1.712,1.712,5.987,19.446,16.754,19.446,15.329,2.0,13.0,31.0,1946.8225,0.04014402836171345,3.6716173293282752,2.7895481154028725,2.863396094307277,2.8264721048550747,10.386372355147472,3.7290094484799745,39.927493288890005,60.0
60,7.413,16.279,2.979,12.638,2.188,2.029,15.487,7.254,16.596,8.362,13.0,10.0,104.0,1520.1582,0.033279685052290155,7.3829123431624755,2.1924754871107788,1.1127844523212005,1.6526299697159896,9.610760093625593,3.2767650536774653,30.6808127165,61.0
61,15.804,2.821,15.804,10.579,3.454,4.879,12.638,19.446,15.487,6.304,2.0,5.0,99.0,2149.8601,0.05027159710442151,8.742479294099931,1.8546680797477455,0.9048467664697745,1.37975742310876,10.810579480367426,3.59141184716682,25.2936341761,62.0
62,12.796,10.737,12.004,17.229,8.996,3.454,16.279,17.704,9.312,18.812,2.0,23.0,6.0,280.8325,0.027434036515427515,0.22018770217213104,1.4336854149953575,0.3927190359190161,0.9132022254571868,6.367086852716281,0.6169627050657716,1.7524452209999986,63.0
63,5.354,5.038,18.812,3.613,6.779,1.079,16.121,2.662,12.321,6.779,3.0,23.0,19.0,1312.4928,0.02937856070054228,3.8369867429091604,1.8186061487594891,0.6661419959587138,1.2423740723591015,10.66264713510787,3.5795525317892722,23.057000159999998,64.0
64,4.246,11.846,2.029,5.512,1.238,8.679,17.704,3.929,14.854,12.638,10.0,9.0,105.0,1330.9663,0.016811398131370055,2.7502570081279725,2.632166683490755,2.7145240559502923,2.673345369720524,8.305089610798223,3.2328397432504157,45.68424728521,65.0
65,6.779,15.013,12.162,12.954,16.438,2.188,12.004,2.821,11.846,19.446,2.0,28.0,30.0,498.2777,0.027346831795536364,0.6914982534769489,1.4722397474369942,0.38098000648731245,0.9266098769621534,7.164435447838094,1.3217026363323066,5.235269547000005,66.0
66,2.662,9.946,17.704,8.996,16.754,9.471,5.987,18.179,13.429,14.062,3.0,3.0,108.0,1314.36,0.04941323853026793,10.663484064482937,2.512697404017328,2.0049915722488203,2.2588444881330743,11.910489687922793,3.7017861397796112,40.904054731066,67.0
67,13.429,2.029,7.729,15.171,19.288,16.596,15.329,5.987,2.504,8.996,5.0,6.0,112.0,2546.6213,0.08377788841677379,7.981094211900372,2.1711210016437588,2.2276705967283035,2.199395799186031,13.11862386804985,4.389966380878795,27.353810813223,68.0
68,15.646,15.804,14.538,11.054,8.362,10.421,13.271,6.146,9.788,19.921,24.0,13.0,94.0,102.654,0.025612101163600052,0.14184533135284955,1.5027042037319696,0.4218532050812114,0.9622787044065905,5.56089901410005,0.5212725780103672,1.1985130310000045,69.0
69,5.038,6.304,8.679,7.571,4.404,7.254,14.221,12.004,8.362,16.121,12.0,3.0,102.0,695.0952,0.01673260183332867,3.2125832238049994,1.7645834820108712,0.6382546628640701,1.2014190724374707,7.1234005862226475,2.434273734663212,15.965386391000001,70.0
70,3.771,1.712,5.512,7.729,11.529,6.938,19.604,9.154,10.579,4.087,5.0,5.0,107.0,2004.6458,0.0248195478210237,1.9438043196859365,2.410974666879996,2.6382731824789674,2.5246239246794815,9.192606656431183,3.5212952955908405,29.27181193212,71.0
71,19.129,5.671,4.562,13.904,3.771,7.729,2.346,15.013,17.229,1.712,1.0,31.0,31.0,1782.2856,0.03312224485344949,1.6819189173944658,1.6770614982720826,0.5352030324926662,1.1061322653823744,9.190519621050957,3.2709544765662977,13.326074599999998,72.0
72,18.496,19.762,4.404,1.396,9.788,9.946,14.062,10.579,5.987,2.979,2.0,13.0,22.0,2567.2439,0.034135881464921136,2.5983192633268732,2.625884927652057,3.0570305216540596,2.8414577246530586,12.709375203206797,4.375487592068506,43.55098727387001,73.0
73,2.504,15.171,2.346,5.987,5.196,4.721,9.154,7.096,2.979,8.837,9.0,9.0,103.0,1015.0325,0.016208356944642285,3.8943575202973353,2.5063697247311474,2.6101738403496615,2.5582717825404044,9.830641563812833,3.576116700447069,46.543363287869994,74.0
74,2.979,3.138,17.546,6.621,19.446,2.346,12.954,1.238,16.754,14.538,2.0,28.0,21.0,2550.6086,0.053402041433117074,9.380309407826806,2.0661231904531743,1.685302880194235,1.8757130353237046,14.914661591628308,5.493871160974051,34.1764333249,75.0
75,17.862,16.754,6.462,2.821,12.321,16.754,6.146,15.646,1.712,2.346,6.0,30.0,32.0,1635.049,0.05048282085663823,2.2859207745344556,1.9729601639600929,0.6942773751127094,1.3336187695364012,11.571661892610763,4.280574679113288,23.6145639424,76.0
76,12.004,19.288,5.196,7.413,14.221,11.371,2.662,7.413,18.812,8.046,9.0,9.0,91.0,652.478,0.023195579923750705,0.9459639435115352,1.5793537651750167,0.48403000506655824,1.0316918851207875,6.515694201350772,1.6379886038681868,7.776651383000001,77.0
77,10.737,8.996,16.912,3.296,15.962,15.804,16.438,14.379,6.304,13.271,23.0,13.0,106.0,1010.7014,0.03968225330947166,1.5718393054000945,1.7853033737364108,0.5805264967535555,1.182914935244983,8.838089257859961,2.7002578136819366,14.870488167,78.0
78,9.154,3.929,18.654,9.471,1.396,6.621,18.654,11.529,2.188,6.621,26.0,17.0,96.0,1698.7542,0.02590152992795314,0.3518324756594068,2.0060488944890342,0.6921494816717852,1.3490991880804097,7.775148925074563,2.6815504300992985,17.322231292,79.0
79,19.921,2.188,18.971,11.688,17.862,3.613,4.562,19.604,9.629,17.704,5.0,5.0,109.0,2743.3975,0.11518153361769082,11.042432889094496,2.130314400592094,1.7430305791636334,1.9366724898778638,15.1772318232534,4.6636822236986255,27.07317313589,80.0
80,8.204,6.462,15.487,5.671,18.496,13.271,9.788,8.837,10.896,17.071,3.0,5.0,92.0,452.7419,0.0243566176067958,1.1559137296914428,1.519518698676623,0.4476439211575887,0.9835813099171058,6.629430847394832,1.5410779044199896,7.625413895000001,81.0
81,9.471,17.862,13.112,15.804,6.462,2.662,3.929,16.912,8.837,9.788,6.0,23.0,10.0,239.8686,0.022208201952250525,0.2777274233761987,1.4976986862791377,0.40493094556033615,0.9513148159197369,6.109343541286307,0.7879283612356818,2.482097624999998,82.0
82,6.304,18.812,10.579,6.462,2.979,8.996,4.404,15.487,14.538,8.204,28.0,17.0,101.0,727.4901,0.015868975223144757,0.9562888991578045,1.72526038217669,0.555305721186942,1.140283051681816,6.171530235648829,1.8030598212735522,10.251947402999999,83.0
83,11.688,9.154,18.179,12.162,12.004,15.646,13.429,15.962,3.454,18.654,2.0,30.0,34.0,411.7043,0.028153731446531105,0.31785135049093904,1.4742956023888543,0.4159819074013933,0.9451387548951238,6.115444310852448,0.7420252359214466,2.0847835540000013,84.0
84,7.888,8.837,3.929,18.496,14.062,4.246,4.246,16.279,18.021,4.562,10.0,9.0,101.0,1123.3318,0.03014858720551923,2.500185645129901,1.760402308359693,0.5716832408494836,1.1660427746045883,8.93863026098465,2.8205348486389243,17.048634529000005,85.0
85,13.904,14.221,10.737,1.238,16.279,7.888,10.737,4.721,2.821,17.546,5.0,13.0,24.0,2729.0654,0.03458277155746732,0.0,2.519827148953939,0.997626415662418,1.7587267823081785,14.415883168099421,4.357274979402107,40.83504083758,86.0
86,7.096,7.096,5.671,19.129,12.479,9.154,8.362,1.396,4.879,18.971,2.0,28.0,30.0,2180.4397,0.028057474333288698,1.2729751267767833,1.5387957718448966,0.4683267694887149,1.0035612706668058,8.706871400890927,2.940431757110797,10.231821060000001,87.0
87,4.879,12.162,7.571,3.929,9.946,15.962,1.871,11.846,7.729,7.571,5.0,26.0,29.0,955.92,0.022473058297704185,3.91793405218342,1.896770664120568,0.707868970529134,1.302319817324851,8.600657261670344,3.3248804593988113,21.745486259800003,88.0
88,19.446,15.329,5.038,13.588,10.737,17.546,7.888,8.996,11.371,3.454,9.0,9.0,90.0,682.9728,0.03355789462012757,0.9676433148110015,1.5923516903322041,0.4972856676073945,1.0448186789697993,7.027484818254063,1.454705577570407,6.766538619999999,89.0
89,11.846,17.546,14.696,5.354,5.987,6.462,14.696,19.288,19.288,5.196,20.0,13.0,90.0,429.664,0.020977531146716723,0.4132009000618854,1.5770683369110619,0.45482548075476825,1.0159469088329152,6.094765932804902,1.1405287280902952,4.939434052000003,90.0
90,17.704,6.938,2.821,14.379,2.662,10.579,6.938,13.746,17.071,14.379,13.0,10.0,108.0,1681.786,0.05821564308144955,9.318071769822692,2.3655050065841174,1.3491666834831113,1.8573358450336144,10.459919438373921,3.2756814534239402,31.48976695572,91.0
91,12.954,6.621,17.862,4.562,13.588,14.538,16.754,1.079,12.954,12.796,5.0,28.0,31.0,3074.6272,0.0397692958568069,0.4482514430866427,1.5153926394044235,0.379694648197949,0.9475436438011863,10.609530103880042,3.3539892403994513,8.516242981000001,92.0
92,9.788,5.354,12.321,10.262,2.504,17.388,17.388,6.304,2.029,18.338,2.0,30.0,30.0,1208.4723,0.022870619714580678,0.7372136232492502,1.656788723376482,0.5648727763284296,1.1108307498524557,6.957244738870053,2.136985421087358,8.97757721,93.0
93,3.138,4.404,9.788,19.288,6.938,14.854,8.837,11.054,11.054,13.746,7.0,3.0,110.0,1161.5699,0.04730497477001476,11.487101139304068,2.386510628130808,1.6125702792444812,1.9995404536876447,10.427686216403766,3.3452000584255996,34.595739647952996,94.0
94,19.604,18.496,1.238,1.554,7.254,1.238,13.904,17.862,13.588,7.254,11.0,9.0,101.0,1822.1174,0.026899769077694858,0.5898536179666924,2.088323267484774,2.9236935388339025,2.5060084031593384,13.601040570573529,3.355166626927411,44.796910501808,95.0
95,5.512,13.904,1.554,15.646,15.804,11.846,17.229,5.196,13.112,2.029,11.0,9.0,101.0,1697.8879,0.032702340347355356,0.046920625331136834,2.665300698496576,2.9578996359840652,2.8116001672403206,11.934238952101714,3.628877516374215,43.05163496704,96.0
96,5.671,18.654,9.629,17.862,8.679,9.312,17.862,4.246,5.829,19.129,4.0,3.0,93.0,603.2094,0.02612482518927542,1.4467456506334162,1.6460496622448437,0.5110341538836892,1.0785419080642664,7.0331171416785345,1.6877455455432004,8.974567413000003,97.0
97,7.571,4.246,14.854,5.829,12.638,18.812,8.679,10.896,8.679,12.954,5.0,5.0,98.0,1045.0015,0.02485723358255992,3.2454736175087255,1.6076474301264427,0.6130706244895078,1.1103590273079753,7.516766062531003,2.282999029410828,13.156729698000001,98.0
98,18.654,8.204,8.046,9.788,3.929,13.588,17.546,9.629,4.246,18.496,27.0,17.0,89.0,422.4043,0.023461328289208643,0.5017679464993027,1.5672103184037909,0.5051624733690213,1.0361863958864062,5.897939917061913,1.0383067790299272,4.285602569999998,99.0
99,4.087,14.696,2.188,2.979,2.821,1.396,2.504,13.588,15.171,17.229,9.0,9.0,101.0,1288.6815,0.018489417312378135,4.351529806135916,2.412737956998883,2.5480335153457987,2.480385736172341,9.805851313930875,3.837658183930764,44.10452055965,100.0
100,13.112,4.562,17.071,9.312,4.879,10.104,2.979,8.046,11.212,5.038,2.0,5.0,91.0,882.7972,0.02008920466905642,1.55924378160346,1.4839669440535666,0.5257535904699917,1.0048602672617792,6.262243882038212,1.6366732706076217,7.612730026999998,101.0
101,18.179,11.688,6.621,16.912,18.812,18.338,5.196,6.462,18.179,1.238,6.0,31.0,29.0,3334.3765,0.051545862815082055,0.35820513193345965,1.4101396806130315,0.3172810104962687,0.8637103455546501,10.976402519075709,2.888910215079203,3.378295899000001,102.0
102,3.929,12.004,9.946,18.812,4.246,19.129,4.879,17.229,7.571,19.762,4.0,3.0,101.0,1116.8802,0.03672815457670855,5.707091133403203,2.070191410990981,0.9138888346077721,1.4920401227993767,9.235602707437147,2.8995142238300278,23.684624194899996,103.0
103,4.721,12.796,5.354,2.188,5.038,8.046,18.021,3.454,16.438,3.771,20.0,13.0,110.0,1441.2521,0.02530915255240458,8.268407648702151,2.372825709922612,2.0118105771464623,2.1923181435345374,9.493266379302717,3.7439923562044055,36.41704003503,104.0
104,2.029,15.487,13.904,6.938,4.562,16.121,7.413,14.221,13.746,15.646,2.0,3.0,100.0,1484.408,0.02096990530260845,2.9389501735898502,2.7395290285922553,2.864054345351401,2.8017916869718285,10.458325820423916,3.7076265325222466,46.52321279001001,105.0
105,5.987,19.604,1.712,14.538,6.304,18.654,1.712,12.479,3.929,9.629,8.0,9.0,105.0,1579.8463,0.02760988929305851,2.3465546868120173,2.787100901395802,2.877901881475768,2.832501391435785,10.437084205270054,3.5118851027116906,45.70595932,106.0
106,10.579,8.046,15.646,13.112,18.338,13.429,3.138,2.979,5.038,1.396,6.0,31.0,30.0,2826.0542,0.03425672095301431,0.36002454756646934,1.3498136705264572,0.3149386912547514,0.8323761808906043,9.127805450791072,2.512332553479209,2.59378624,107.0
107,14.538,8.521,10.104,13.429,5.671,8.521,11.371,17.388,17.704,17.388,3.0,5.0,92.0,258.6148,0.023112218151102294,0.34952310966053346,1.4778976532190526,0.4469659880096987,0.9624318206143757,5.700750899623017,0.7424377915317937,2.6625156399999987,108.0
108,3.613,14.062,9.154,3.454,13.746,19.762,19.288,12.796,5.354,10.896,3.0,3.0,108.0,1044.9502,0.04296512493056476,8.391467800968694,2.2885644838229777,1.221359979816107,1.7549622318195424,10.74756238711851,3.4989012661875454,34.217321678502,109.0
109,19.762,3.454,6.779,11.529,11.688,14.379,18.338,19.129,14.696,4.879,5.0,5.0,100.0,1539.5665,0.04502284568312829,4.610806647827374,1.6656602550588455,0.6557456012066956,1.1607029281327705,9.41369779154196,2.8460849241313473,16.472071647,110.0
110,8.679,16.596,19.129,8.837,18.971,4.087,11.054,13.112,4.721,8.521,4.0,30.0,8.0,246.3553,0.0294479422412744,0.36051493049795214,1.446331562490192,0.35616145428593415,0.9012465083880631,6.669676154210274,0.8859330990970886,3.2048854829999947,111.0
111,17.546,17.388,13.588,13.271,19.604,15.329,3.296,4.404,5.512,5.829,1.0,26.0,34.0,315.6668,0.034318036834896495,0.10459975266222735,1.4560087271007385,0.35989941861886576,0.9079540728598021,6.298064933357933,0.564579652468162,0.9309844969999972,112.0
112,9.946,14.538,9.312,18.179,19.921,5.512,16.912,9.471,7.096,11.846,9.0,9.0,92.0,191.3361,0.032767598304663574,0.3467500932122128,1.4228234577623238,0.3546462525863386,0.8887348551743312,6.726491024074722,0.7783754333860469,2.7555007929999995,113.0
113,15.171,7.254,19.446,7.254,11.371,7.096,8.204,19.921,14.221,10.579,2.0,5.0,93.0,339.0124,0.025344805864369983,0.4278666106182992,1.4350703689653415,0.421695186886753,0.9283827779260472,6.143414123767539,0.8634901115302294,3.164068222000001,114.0
114,17.229,5.196,3.138,3.138,1.554,19.288,15.962,14.696,17.546,11.529,25.0,17.0,109.0,1107.9939,0.04171768636336005,7.010530601368595,2.5715090741878512,1.8382541748999164,2.2048816245438836,9.406422177141042,3.0364962719498325,32.754364014000004,115.0
115,14.221,6.146,11.688,9.946,17.388,6.779,10.262,8.521,13.904,15.171,2.0,5.0,93.0,475.1202,0.027562489003597368,0.5908184128412385,1.3598403973231201,0.389179165225137,0.8745097812741286,6.347935466469288,0.9536522443408759,3.642791748000004,116.0
116,15.487,17.071,4.246,12.004,7.571,3.771,10.579,5.038,1.554,12.004,2.0,30.0,31.0,2070.3774,0.033876342926148856,0.9425187963707752,1.6287588514868414,0.4886066440353429,1.058682747761092,9.279434779264047,3.056156183276509,11.862491608,117.0
117,6.146,10.262,2.662,18.338,5.829,9.788,19.921,3.138,5.671,16.912,13.0,10.0,110.0,1621.9268,0.04896100305165806,10.863640666527559,2.382322819044644,1.5844506220242771,1.9833867205344604,10.226866753406206,3.3630537401051064,33.36357095831,118.0
118,13.271,18.971,16.121,10.421,15.487,12.479,9.946,12.321,1.238,8.679,2.0,30.0,30.0,3401.5325,0.04175081178123193,0.11398617338082583,1.4168847932258182,0.3043943217959978,0.860639557510908,9.621452928735092,2.4013556415372768,1.3502826689999985,119.0
119,16.121,13.271,7.096,4.404,10.421,18.496,14.538,5.671,3.613,3.296,24.0,13.0,95.0,700.0319,0.025878793306302637,1.0451523625612718,1.6779442459775122,0.5391378318778324,1.1085410389276724,7.019803879277176,1.8789106624271008,9.305242538999998,120.0
